<?xml version="1.0" encoding="UTF-8"?>
<!DOCTYPE mapper PUBLIC "-//mybatis.org//DTD Mapper 3.0//EN" 
     "http://mybatis.org/dtd/mybatis-3-mapper.dtd" >
<mapper namespace="com.ehall.dao.AppointmentDao">
<!-- 查询预约列表  -->
	<select id="selectAppointmentList" parameterType="appointment" resultType="appointment">
		SELECT
		    no,
			customer_id,
			customer_name,
			service,
			appoint,
			status
		FROM
			appointment
		
		<!-- 执行分页查询 -->
		<if test="start !=null and rows != null">
			limit #{start},#{rows}
		</if>
	</select>
	
	<!-- 查询客户总数 -->
	<select id="selectAppointmentCount" parameterType="appointment" resultType="Integer">
		select count(*) from appointment
		
	</select>	
	
	<!-- 删除预约 -->
	<delete id="deleteAppointment" parameterType="Integer">
	    delete from appointment where no=#{no}
	</delete>
	
	<!-- 添加预约 -->
	<insert id = "createAppointment" parameterType="appointment" >
	  insert into appointment(
	     customer_id,
	     customer_name,
	     service,
	     appoint,
	     status
	     
	  )
	  values(
	     #{customer_id},
	     #{customer_name},
	     #{service},
	     #{appoint},
	     "未完成"
	     )
	  
	</insert>
	
	<!-- 根据no获取会员信息 -->
	<select id="getAppointmentByNo" parameterType="Integer" 
	resultType="appointment">
	    select * from appointment where no = #{id}
	</select>
	
	<!-- 标记完成 -->
	<update id = "updateAppointment" parameterType = "appointment">
	   
	   update appointment
	   set status = "已完成"
	   where no = #{no}
	
	</update>
	
	</mapper>