<?xml version="1.0" encoding="UTF-8"?>
<!DOCTYPE mapper PUBLIC "-//mybatis.org//DTD Mapper 3.0//EN" 
     "http://mybatis.org/dtd/mybatis-3-mapper.dtd" >
<mapper namespace="com.ehall.dao.CustomerDao">
<!-- 查询客户列表  -->
	<select id="selectCustomerList" parameterType="customer" resultType="customer">
		SELECT
			customer_id,
			customer_name,
			money
		FROM
			customer
		
		<!-- 执行分页查询 -->
		<if test="start !=null and rows != null">
			limit #{start},#{rows}
		</if>
	</select>
	
	<!-- 查询客户总数 -->
	<select id="selectCustomerListCount" parameterType="customer" resultType="Integer">
		select count(*) from customer
		
	</select>	
	
	<!-- 添加会员 -->
	<insert id = "createCustomer" parameterType="customer" >
	  insert into customer(
	     customer_id,
	     customer_name,
	     money
	  )
	  values(
	     #{customer_id},
	     #{customer_name},
	     #{money}
	     )
	  
	</insert>
	
	<!-- 删除会员 -->
	<delete id="deleteCustomer" parameterType="Integer">
	    delete from customer where customer_id=#{id}
	</delete>
	
	<!-- 根据id获取会员信息 -->
	<select id="getCustomerById" parameterType="Integer" 
	resultType="customer">
	    select * from customer where customer_id = #{id}
	</select>
	
	<!-- 充值 -->
	<update id = "updateCustomer" parameterType = "customer">
	   
	   update customer
	   set money = #{money} + money
	   where customer_id = #{customer_id}
	
	</update>
	

</mapper>